{
  "modes": [
    {
      "mode": "bm25",
      "metrics": {
        "recall@5": 0.6266666666666666,
        "recall@10": 0.86,
        "recall@20": 0.92,
        "precision@5": 0.344,
        "mrr": 0.6105531135531135,
        "ndcg@10": 0.6055322024766084
      },
      "per_query": {
        "v1-q01": {
          "recall@5": 0.0,
          "recall@10": 1.0,
          "recall@20": 1.0,
          "precision@5": 0.0,
          "mrr": 0.14285714285714285,
          "ndcg@10": 0.3333333333333333
        },
        "v1-q02": {
          "recall@5": 1.0,
          "recall@10": 1.0,
          "recall@20": 1.0,
          "precision@5": 0.2,
          "mrr": 1.0,
          "ndcg@10": 1.0
        },
        "v1-q03": {
          "recall@5": 1.0,
          "recall@10": 1.0,
          "recall@20": 1.0,
          "precision@5": 0.2,
          "mrr": 0.2,
          "ndcg@10": 0.38685280723454163
        },
        "v1-q04": {
          "recall@5": 0.0,
          "recall@10": 0.0,
          "recall@20": 1.0,
          "precision@5": 0.0,
          "mrr": 0.07692307692307693,
          "ndcg@10": 0.0
        },
        "v1-q05": {
          "recall@5": 0.0,
          "recall@10": 1.0,
          "recall@20": 1.0,
          "precision@5": 0.0,
          "mrr": 0.16666666666666666,
          "ndcg@10": 0.3562071871080222
        },
        "v1-q06": {
          "recall@5": 1.0,
          "recall@10": 1.0,
          "recall@20": 1.0,
          "precision@5": 0.8,
          "mrr": 0.5,
          "ndcg@10": 0.6309297535714575
        },
        "v1-q07": {
          "recall@5": 1.0,
          "recall@10": 1.0,
          "recall@20": 1.0,
          "precision@5": 0.6,
          "mrr": 1.0,
          "ndcg@10": 1.0
        },
        "v1-q08": {
          "recall@5": 1.0,
          "recall@10": 1.0,
          "recall@20": 1.0,
          "precision@5": 0.8,
          "mrr": 1.0,
          "ndcg@10": 1.0
        },
        "v1-q09": {
          "recall@5": 0.0,
          "recall@10": 1.0,
          "recall@20": 1.0,
          "precision@5": 0.0,
          "mrr": 0.125,
          "ndcg@10": 0.31546487678572877
        },
        "v1-q10": {
          "recall@5": 1.0,
          "recall@10": 1.0,
          "recall@20": 1.0,
          "precision@5": 0.2,
          "mrr": 0.5,
          "ndcg@10": 0.6309297535714575
        },
        "v1-q11": {
          "recall@5": 0.6666666666666666,
          "recall@10": 1.0,
          "recall@20": 1.0,
          "precision@5": 0.8,
          "mrr": 1.0,
          "ndcg@10": 0.8519590445170673
        },
        "v1-q12": {
          "recall@5": 1.0,
          "recall@10": 1.0,
          "recall@20": 1.0,
          "precision@5": 0.4,
          "mrr": 1.0,
          "ndcg@10": 0.8503449055347546
        },
        "v1-q13": {
          "recall@5": 1.0,
          "recall@10": 1.0,
          "recall@20": 1.0,
          "precision@5": 0.6,
          "mrr": 1.0,
          "ndcg@10": 1.0
        },
        "v1-q14": {
          "recall@5": 1.0,
          "recall@10": 1.0,
          "recall@20": 1.0,
          "precision@5": 0.6,
          "mrr": 1.0,
          "ndcg@10": 0.9197207891481876
        },
        "v1-q15": {
          "recall@5": 1.0,
          "recall@10": 1.0,
          "recall@20": 1.0,
          "precision@5": 0.4,
          "mrr": 0.5,
          "ndcg@10": 0.38685280723454163
        },
        "v1-q16": {
          "recall@5": 0.5,
          "recall@10": 0.5,
          "recall@20": 0.5,
          "precision@5": 0.4,
          "mrr": 0.3333333333333333,
          "ndcg@10": 0.3065735963827292
        },
        "v1-q17": {
          "recall@5": 1.0,
          "recall@10": 1.0,
          "recall@20": 1.0,
          "precision@5": 0.8,
          "mrr": 1.0,
          "ndcg@10": 0.9197207891481876
        },
        "v1-q18": {
          "recall@5": 1.0,
          "recall@10": 1.0,
          "recall@20": 1.0,
          "precision@5": 0.6,
          "mrr": 0.3333333333333333,
          "ndcg@10": 0.5706417189553201
        },
        "v1-q19": {
          "recall@5": 0.5,
          "recall@10": 1.0,
          "recall@20": 1.0,
          "precision@5": 0.4,
          "mrr": 1.0,
          "ndcg@10": 0.8315546295836225
        },
        "v1-q20": {
          "recall@5": 0.0,
          "recall@10": 0.5,
          "recall@20": 0.5,
          "precision@5": 0.0,
          "mrr": 0.14285714285714285,
          "ndcg@10": 0.20438239758848611
        },
        "v1-q21": {
          "recall@5": 0.5,
          "recall@10": 0.5,
          "recall@20": 1.0,
          "precision@5": 0.2,
          "mrr": 1.0,
          "ndcg@10": 0.6131471927654584
        },
        "v1-q22": {
          "recall@5": 1.0,
          "recall@10": 1.0,
          "recall@20": 1.0,
          "precision@5": 0.4,
          "mrr": 1.0,
          "ndcg@10": 0.8503449055347546
        },
        "v1-q23": {
          "recall@5": 0.5,
          "recall@10": 0.5,
          "recall@20": 0.5,
          "precision@5": 0.2,
          "mrr": 1.0,
          "ndcg@10": 0.6131471927654584
        },
        "v1-q24": {
          "recall@5": 0.0,
          "recall@10": 0.5,
          "recall@20": 0.5,
          "precision@5": 0.0,
          "mrr": 0.1,
          "ndcg@10": 0.17723928678404774
        },
        "v1-q25": {
          "recall@5": 0.0,
          "recall@10": 1.0,
          "recall@20": 1.0,
          "precision@5": 0.0,
          "mrr": 0.14285714285714285,
          "ndcg@10": 0.3889580943680543
        }
      }
    },
    {
      "mode": "dense",
      "metrics": {
        "recall@5": 0.7466666666666667,
        "recall@10": 0.9,
        "recall@20": 0.92,
        "precision@5": 0.48,
        "mrr": 0.784,
        "ndcg@10": 0.7381604769693696
      },
      "per_query": {
        "v1-q01": {
          "recall@5": 1.0,
          "recall@10": 1.0,
          "recall@20": 1.0,
          "precision@5": 0.8,
          "mrr": 1.0,
          "ndcg@10": 1.0
        },
        "v1-q02": {
          "recall@5": 1.0,
          "recall@10": 1.0,
          "recall@20": 1.0,
          "precision@5": 0.2,
          "mrr": 1.0,
          "ndcg@10": 1.0
        },
        "v1-q03": {
          "recall@5": 1.0,
          "recall@10": 1.0,
          "recall@20": 1.0,
          "precision@5": 0.6,
          "mrr": 1.0,
          "ndcg@10": 1.0
        },
        "v1-q04": {
          "recall@5": 1.0,
          "recall@10": 1.0,
          "recall@20": 1.0,
          "precision@5": 0.4,
          "mrr": 1.0,
          "ndcg@10": 1.0
        },
        "v1-q05": {
          "recall@5": 1.0,
          "recall@10": 1.0,
          "recall@20": 1.0,
          "precision@5": 0.2,
          "mrr": 0.5,
          "ndcg@10": 0.6309297535714575
        },
        "v1-q06": {
          "recall@5": 1.0,
          "recall@10": 1.0,
          "recall@20": 1.0,
          "precision@5": 1.0,
          "mrr": 1.0,
          "ndcg@10": 1.0
        },
        "v1-q07": {
          "recall@5": 1.0,
          "recall@10": 1.0,
          "recall@20": 1.0,
          "precision@5": 0.8,
          "mrr": 1.0,
          "ndcg@10": 1.0
        },
        "v1-q08": {
          "recall@5": 1.0,
          "recall@10": 1.0,
          "recall@20": 1.0,
          "precision@5": 0.8,
          "mrr": 1.0,
          "ndcg@10": 1.0
        },
        "v1-q09": {
          "recall@5": 1.0,
          "recall@10": 1.0,
          "recall@20": 1.0,
          "precision@5": 0.2,
          "mrr": 0.25,
          "ndcg@10": 0.43067655807339306
        },
        "v1-q10": {
          "recall@5": 1.0,
          "recall@10": 1.0,
          "recall@20": 1.0,
          "precision@5": 0.6,
          "mrr": 1.0,
          "ndcg@10": 1.0
        },
        "v1-q11": {
          "recall@5": 0.6666666666666666,
          "recall@10": 1.0,
          "recall@20": 1.0,
          "precision@5": 0.6,
          "mrr": 1.0,
          "ndcg@10": 0.9134015924715543
        },
        "v1-q12": {
          "recall@5": 0.5,